{
  "data": [
    {
      "accounts": 1,
      "from": "2013-01-01T00:00:00Z",
      "peak": 0,
      "to": "2013-01-31T00:00:00Z",
      "tot_kwh": 2392.55
    },
    {
      "accounts": 1,
      "from": "2013-02-01T00:00:00Z",
      "peak": 0,
      "to": "2013-02-28T00:00:00Z",
      "tot_kwh": 2152.71
    },
    {
      "accounts": 1,
      "from": "2013-03-01T00:00:00Z",
      "peak": 0,
      "to": "2013-03-31T00:00:00Z",
      "tot_kwh": 2445.09
    },
    {
      "accounts": 1,
      "from": "2013-04-01T00:00:00Z",
      "peak": 0,
      "to": "2013-04-30T00:00:00Z",
      "tot_kwh": 2608.66
    },
    {
      "accounts": 1,
      "from": "2013-05-01T00:00:00Z",
      "peak": 0,
      "to": "2013-05-31T00:00:00Z",
      "tot_kwh": 2942.43
    },
    {
      "accounts": 1,
      "from": "2013-06-01T00:00:00Z",
      "peak": 0,
      "to": "2013-06-30T00:00:00Z",
      "tot_kwh": 3014.3
    },
    {
      "accounts": 1,
      "from": "2013-07-01T00:00:00Z",
      "peak": 0,
      "to": "2013-07-31T00:00:00Z",
      "tot_kwh": 3506.8
    },
    {
      "accounts": 1,
      "from": "2013-08-01T00:00:00Z",
      "peak": 0,
      "to": "2013-08-31T00:00:00Z",
      "tot_kwh": 3425.06
    },
    {
      "accounts": 1,
      "from": "2013-09-01T00:00:00Z",
      "peak": 0,
      "to": "2013-09-30T00:00:00Z",
      "tot_kwh": 2884.89
    },
    {
      "accounts": 1,
      "from": "2013-10-01T00:00:00Z",
      "peak": 0,
      "to": "2013-10-31T00:00:00Z",
      "tot_kwh": 2676.21
    },
    {
      "accounts": 1,
      "from": "2013-11-01T00:00:00Z",
      "peak": 0,
      "to": "2013-11-30T00:00:00Z",
      "tot_kwh": 2356
    },
    {
      "accounts": 1,
      "from": "2013-12-01T00:00:00Z",
      "peak": 0,
      "to": "2013-12-31T00:00:00Z",
      "tot_kwh": 2333.98
    }
  ]
}