{
  "data": [
    {
      "accounts": 1,
      "from": "2013-01-01T00:00:00Z",
      "peak": 0,
      "to": "2013-01-31T00:00:00Z",
      "tot_therms": 75.74
    },
    {
      "accounts": 1,
      "from": "2013-02-01T00:00:00Z",
      "peak": 0,
      "to": "2013-02-28T00:00:00Z",
      "tot_therms": 85.18
    },
    {
      "accounts": 1,
      "from": "2013-03-01T00:00:00Z",
      "peak": 0,
      "to": "2013-03-31T00:00:00Z",
      "tot_therms": 55.24
    },
    {
      "accounts": 1,
      "from": "2013-04-01T00:00:00Z",
      "peak": 0,
      "to": "2013-04-30T00:00:00Z",
      "tot_therms": 19.69
    },
    {
      "accounts": 1,
      "from": "2013-05-01T00:00:00Z",
      "peak": 0,
      "to": "2013-05-31T00:00:00Z",
      "tot_therms": 11.08
    },
    {
      "accounts": 1,
      "from": "2013-06-01T00:00:00Z",
      "peak": 0,
      "to": "2013-06-30T00:00:00Z",
      "tot_therms": 0.84
    },
    {
      "accounts": 1,
      "from": "2013-07-01T00:00:00Z",
      "peak": 0,
      "to": "2013-07-31T00:00:00Z",
      "tot_therms": 0.26
    },
    {
      "accounts": 1,
      "from": "2013-08-01T00:00:00Z",
      "peak": 0,
      "to": "2013-08-31T00:00:00Z",
      "tot_therms": 0.16
    },
    {
      "accounts": 1,
      "from": "2013-09-01T00:00:00Z",
      "peak": 0,
      "to": "2013-09-30T00:00:00Z",
      "tot_therms": 2.76
    },
    {
      "accounts": 1,
      "from": "2013-10-01T00:00:00Z",
      "peak": 0,
      "to": "2013-10-31T00:00:00Z",
      "tot_therms": 18.19
    },
    {
      "accounts": 1,
      "from": "2013-11-01T00:00:00Z",
      "peak": 0,
      "to": "2013-11-30T00:00:00Z",
      "tot_therms": 56.4
    },
    {
      "accounts": 1,
      "from": "2013-12-01T00:00:00Z",
      "peak": 0,
      "to": "2013-12-31T00:00:00Z",
      "tot_therms": 89.15
    }
  ]
}