<?xml version="1.0"?>
<measure>
  <schema_version>3.0</schema_version>
  <name>general_calibration_measure_percent_change</name>
  <uid>0f583ac1-fa7e-48bc-9f80-12ed17180669</uid>
  <version_id>b90bd230-116d-4a1a-be73-eec73504b1da</version_id>
  <version_modified>20221115T231441Z</version_modified>
  <xml_checksum>DEC0D835</xml_checksum>
  <class_name>GeneralCalibrationMeasurePercentChange</class_name>
  <display_name>General Calibration Measure Percent Change</display_name>
  <description>This is a general purpose measure to calibrate space and space type elements with a percent change.</description>
  <modeler_description>It will be used for calibration of space and spaceType loads as well as infiltration, and outdoor air. User can choose between a SINGLE SpaceType or ALL the SpaceTypes as well as a SINGLE Space or ALL the Spaces.</modeler_description>
  <arguments>
    <argument>
      <name>space_type</name>
      <display_name>Apply the Measure to a SINGLE SpaceType, ALL the SpaceTypes or NONE.</display_name>
      <type>Choice</type>
      <required>true</required>
      <model_dependent>false</model_dependent>
      <default_value>{111cb5c7-730b-4e08-8229-2bba712e75b6}</default_value>
      <choices>
        <choice>
          <value>{111cb5c7-730b-4e08-8229-2bba712e75b6}</value>
          <display_name>*All SpaceTypes*</display_name>
        </choice>
        <choice>
          <value>0</value>
          <display_name>*None*</display_name>
        </choice>
      </choices>
    </argument>
    <argument>
      <name>space</name>
      <display_name>Apply the Measure to a SINGLE Space, ALL the Spaces or NONE.</display_name>
      <type>Choice</type>
      <required>true</required>
      <model_dependent>false</model_dependent>
      <default_value>{111cb5c7-730b-4e08-8229-2bba712e75b6}</default_value>
      <choices>
        <choice>
          <value>{111cb5c7-730b-4e08-8229-2bba712e75b6}</value>
          <display_name>*All Spaces*</display_name>
        </choice>
        <choice>
          <value>0</value>
          <display_name>*None*</display_name>
        </choice>
      </choices>
    </argument>
    <argument>
      <name>lights_perc_change</name>
      <display_name>Percent Change in the default Lights Definition.</display_name>
      <description>Percent Change in the default Lights Definition.</description>
      <type>Double</type>
      <required>true</required>
      <model_dependent>false</model_dependent>
      <default_value>0</default_value>
    </argument>
    <argument>
      <name>luminaire_perc_change</name>
      <display_name>Percent Change in the default Luminaire Definition.</display_name>
      <description>Percent Change in the default Luminaire Definition.</description>
      <type>Double</type>
      <required>true</required>
      <model_dependent>false</model_dependent>
      <default_value>0</default_value>
    </argument>
    <argument>
      <name>ElectricEquipment_perc_change</name>
      <display_name>Percent Change in the default Electric Equipment Definition.</display_name>
      <description>Percent Change in the default Electric Equipment Definition.</description>
      <type>Double</type>
      <required>true</required>
      <model_dependent>false</model_dependent>
      <default_value>0</default_value>
    </argument>
    <argument>
      <name>GasEquipment_perc_change</name>
      <display_name>Percent Change in the default Gas Equipment Definition.</display_name>
      <description>Percent Change in the default Gas Equipment Definition.</description>
      <type>Double</type>
      <required>true</required>
      <model_dependent>false</model_dependent>
      <default_value>0</default_value>
    </argument>
    <argument>
      <name>OtherEquipment_perc_change</name>
      <display_name>Percent Change in the default OtherEquipment Definition.</display_name>
      <description>Percent Change in the default OtherEquipment Definition.</description>
      <type>Double</type>
      <required>true</required>
      <model_dependent>false</model_dependent>
      <default_value>0</default_value>
    </argument>
    <argument>
      <name>people_perc_change</name>
      <display_name>Percent Change in the default People Definition.</display_name>
      <description>Percent Change in the default People Definition.</description>
      <type>Double</type>
      <required>true</required>
      <model_dependent>false</model_dependent>
      <default_value>0</default_value>
    </argument>
    <argument>
      <name>mass_perc_change</name>
      <display_name>Percent Change in the default Internal Mass Definition.</display_name>
      <description>Percent Change in the default Internal Mass Definition.</description>
      <type>Double</type>
      <required>true</required>
      <model_dependent>false</model_dependent>
      <default_value>0</default_value>
    </argument>
    <argument>
      <name>infil_perc_change</name>
      <display_name>Percent Change in the default Design Infiltration Outdoor Air.</display_name>
      <description>Percent Change in the default Design Infiltration Outdoor Air.</description>
      <type>Double</type>
      <required>true</required>
      <model_dependent>false</model_dependent>
      <default_value>0</default_value>
    </argument>
    <argument>
      <name>vent_perc_change</name>
      <display_name>Percent Change in the default Design Specification Outdoor Air.</display_name>
      <description>Percent Change in the default Design Specification Outdoor Air.</description>
      <type>Double</type>
      <required>true</required>
      <model_dependent>false</model_dependent>
      <default_value>0</default_value>
    </argument>
  </arguments>
  <outputs />
  <provenances />
  <tags>
    <tag>Whole Building.Space Types</tag>
  </tags>
  <attributes>
    <attribute>
      <name>Intended Software Tool</name>
      <value>Analysis Spreadsheet</value>
      <datatype>string</datatype>
    </attribute>
    <attribute>
      <name>Intended Use Case</name>
      <value>Model Articulation</value>
      <datatype>string</datatype>
    </attribute>
    <attribute>
      <name>Intended Use Case</name>
      <value>Calibration</value>
      <datatype>string</datatype>
    </attribute>
    <attribute>
      <name>Intended Use Case</name>
      <value>Sensitivity Analysis</value>
      <datatype>string</datatype>
    </attribute>
    <attribute>
      <name>Measure Type</name>
      <value>ModelMeasure</value>
      <datatype>string</datatype>
    </attribute>
    <attribute>
      <name>Intended Software Tool</name>
      <value>Apply Measure Now</value>
      <datatype>string</datatype>
    </attribute>
    <attribute>
      <name>Intended Software Tool</name>
      <value>OpenStudio Application</value>
      <datatype>string</datatype>
    </attribute>
    <attribute>
      <name>Intended Software Tool</name>
      <value>Parametric Analysis Tool</value>
      <datatype>string</datatype>
    </attribute>
    <attribute>
      <name>Intended Software Tool</name>
      <value>Analysis Spreadsheet</value>
      <datatype>string</datatype>
    </attribute>
    <attribute>
      <name>Intended Use Case</name>
      <value>Model Articulation</value>
      <datatype>string</datatype>
    </attribute>
    <attribute>
      <name>Intended Use Case</name>
      <value>Calibration</value>
      <datatype>string</datatype>
    </attribute>
    <attribute>
      <name>Intended Use Case</name>
      <value>Sensitivity Analysis</value>
      <datatype>string</datatype>
    </attribute>
  </attributes>
  <files>
    <file>
      <filename>README.md.erb</filename>
      <filetype>erb</filetype>
      <usage_type>readmeerb</usage_type>
      <checksum>703C9964</checksum>
    </file>
    <file>
      <filename>README.md</filename>
      <filetype>md</filetype>
      <usage_type>readme</usage_type>
      <checksum>EF5B5EB5</checksum>
    </file>
    <file>
      <filename>LICENSE.md</filename>
      <filetype>md</filetype>
      <usage_type>license</usage_type>
      <checksum>64FFEBDE</checksum>
    </file>
    <file>
      <version>
        <software_program>OpenStudio</software_program>
        <identifier>2.1.0</identifier>
        <min_compatible>2.1.0</min_compatible>
      </version>
      <filename>measure.rb</filename>
      <filetype>rb</filetype>
      <usage_type>script</usage_type>
      <checksum>A60D6823</checksum>
    </file>
  </files>
</measure>
